<?xml version="1.0" encoding="UTF-8" standalone="yes"?>
<cars>
    <car travelled-distance="2.147483647E9" model="Omega" make="Opel">
        <parts/>
    </car>
    <car travelled-distance="9.223372036854776E18" model="Astra" make="Opel">
        <parts/>
    </car>
    <car travelled-distance="9.22337203685807E14" model="Astra" make="Opel">
        <parts/>
    </car>
    <car travelled-distance="214747.0" model="Corsa" make="Opel">
        <parts/>
    </car>
    <car travelled-distance="2.1474847E7" model="Kadet" make="Opel">
        <parts/>
    </car>
    <car travelled-distance="9.223372854775808E15" model="Vectra" make="Opel">
        <parts/>
    </car>
    <car travelled-distance="2.147483647E9" model="Insignia" make="Opel">
        <parts/>
    </car>
    <car travelled-distance="9.22336854775807E14" model="Astra" make="Opel">
        <parts/>
    </car>
    <car travelled-distance="2.1474847E7" model="Corsa" make="Opel">
        <parts/>
    </car>
    <car travelled-distance="2.147483647E9" model="Omega" make="Opel">
        <parts/>
    </car>
    <car travelled-distance="9.223372036854776E18" model="Insignia" make="Opel">
        <parts/>
    </car>
    <car travelled-distance="2.147483647E9" model="Vectra" make="Opel">
        <parts/>
    </car>
    <car travelled-distance="2.147483647E9" model="Astra" make="Opel">
        <parts/>
    </car>
    <car travelled-distance="2.147483647E9" model="Omega" make="Opel">
        <parts/>
    </car>
    <car travelled-distance="2.147483647E9" model="Corsa" make="Opel">
        <parts/>
    </car>
    <car travelled-distance="9.223372036854776E18" model="Insignia" make="Opel">
        <parts/>
    </car>
    <car travelled-distance="9.223336854775808E15" model="Omega" make="Opel">
        <parts/>
    </car>
    <car travelled-distance="2.0" model="Corsa" make="Opel">
        <parts/>
    </car>
    <car travelled-distance="1.0" model="Omega" make="Opel">
        <parts/>
    </car>
    <car travelled-distance="2.147483647E9" model="F20" make="BMW">
        <parts/>
    </car>
    <car travelled-distance="9.223372036854776E18" model="F25" make="BMW">
        <parts/>
    </car>
    <car travelled-distance="10.0" model="M5 F10" make="BMW">
        <parts/>
    </car>
    <car travelled-distance="100000.0" model="F04" make="BMW">
        <parts/>
    </car>
    <car travelled-distance="200000.0" model="E88" make="BMW">
        <parts/>
    </car>
    <car travelled-distance="9.2233720365807E13" model="M Roadster E85" make="BMW">
        <parts/>
    </car>
    <car travelled-distance="2147.0" model="1M Coupe" make="BMW">
        <parts/>
    </car>
    <car travelled-distance="9.22775807E8" model="X6 M" make="BMW">
        <parts/>
    </car>
    <car travelled-distance="21447.0" model="E67" make="BMW">
        <parts/>
    </car>
    <car travelled-distance="9.2235807E7" model="M6 E63" make="BMW">
        <parts/>
    </car>
    <car travelled-distance="2147.0" model="M6 E63" make="BMW">
        <parts/>
    </car>
    <car travelled-distance="21447.0" model="F20" make="BMW">
        <parts/>
    </car>
    <car travelled-distance="2143647.0" model="F04" make="BMW">
        <parts/>
    </car>
    <car travelled-distance="2.7483647E7" model="M5 F10" make="BMW">
        <parts/>
    </car>
    <car travelled-distance="2.036854775807E12" model="X6 M" make="BMW">
        <parts/>
    </car>
    <car travelled-distance="83647.0" model="F20" make="BMW">
        <parts/>
    </car>
    <car travelled-distance="483647.0" model="X6 M" make="BMW">
        <parts/>
    </car>
    <car travelled-distance="483647.0" model="F04" make="BMW">
        <parts/>
    </car>
    <car travelled-distance="975807.0" model="F20" make="BMW">
        <parts/>
    </car>
    <car travelled-distance="214747.0" model="M6 E63" make="BMW">
        <parts/>
    </car>
    <car travelled-distance="9.2233854775807E13" model="Panda" make="Fiat">
        <parts/>
    </car>
    <car travelled-distance="214747.0" model="Panda 4x4 Antarctica" make="Fiat">
        <parts/>
    </car>
    <car travelled-distance="214747.0" model="500 (2007) Abarth 695 Tributo Maserati" make="Fiat">
        <parts/>
    </car>
    <car travelled-distance="2183647.0" model="Panda 4x4 Antarctica" make="Fiat">
        <parts/>
    </car>
    <car travelled-distance="2147447.0" model="Panda 4x4" make="Fiat">
        <parts/>
    </car>
    <car travelled-distance="21447.0" model="Panda" make="Fiat">
        <parts/>
    </car>
    <car travelled-distance="214647.0" model="Freemont" make="Fiat">
        <parts/>
    </car>
    <car travelled-distance="2.1474847E7" model="500L" make="Fiat">
        <parts/>
    </car>
    <car travelled-distance="2.1474837E7" model="Panda" make="Fiat">
        <parts/>
    </car>
    <car travelled-distance="9.2233685477E10" model="Freemont" make="Fiat">
        <parts/>
    </car>
    <car travelled-distance="9.2233736854775808E16" model="Panda 4x4" make="Fiat">
        <parts/>
    </car>
    <car travelled-distance="2.1483647E7" model="Panda 4x4 Antarctica" make="Fiat">
        <parts/>
    </car>
    <car travelled-distance="2147647.0" model="500L" make="Fiat">
        <parts/>
    </car>
    <car travelled-distance="9.2233754775807E13" model="500L" make="Fiat">
        <parts/>
    </car>
    <car travelled-distance="9.22337205807E11" model="500 (2007) Abarth 695 Tributo Maserati" make="Fiat">
        <parts/>
    </car>
    <car travelled-distance="2147487.0" model="Panda" make="Fiat">
        <parts/>
    </car>
    <car travelled-distance="9.22337204775807E14" model="500L" make="Fiat">
        <parts/>
    </car>
    <car travelled-distance="2.1473647E7" model="Freemont" make="Fiat">
        <parts/>
    </car>
    <car travelled-distance="9.22036854775807E14" model="Panda 4x4" make="Fiat">
        <parts/>
    </car>
    <car travelled-distance="9.2236854775807E13" model="500 (2007) Abarth 695 Tributo Maserati" make="Fiat">
        <parts/>
    </car>
    <car travelled-distance="2147647.0" model="Freemont" make="Fiat">
        <parts/>
    </car>
    <car travelled-distance="9.22337203675807E14" model="500L" make="Fiat">
        <parts/>
    </car>
    <car travelled-distance="9.2233754775807E13" model="A 140" make="Mercedes">
        <parts/>
    </car>
    <car travelled-distance="2147647.0" model="W212" make="Mercedes">
        <parts/>
    </car>
    <car travelled-distance="9.223372036E9" model="A 160" make="Mercedes">
        <parts/>
    </car>
    <car travelled-distance="4775807.0" model="A 160 CDI" make="Mercedes">
        <parts/>
    </car>
    <car travelled-distance="5.4775807E7" model="W212" make="Mercedes">
        <parts/>
    </car>
    <car travelled-distance="9.2233754775807E13" model="W202" make="Mercedes">
        <parts/>
    </car>
    <car travelled-distance="47757.0" model="W211" make="Mercedes">
        <parts/>
    </car>
    <car travelled-distance="9.223775807E9" model="A 170 CDI" make="Mercedes">
        <parts/>
    </car>
    <car travelled-distance="9.27254775807E11" model="W212" make="Mercedes">
        <parts/>
    </car>
    <car travelled-distance="9.22336854775807E14" model="W124" make="Mercedes">
        <parts/>
    </car>
    <car travelled-distance="9.223372036854776E18" model="W210" make="Mercedes">
        <parts/>
    </car>
    <car travelled-distance="2147647.0" model="W202" make="Mercedes">
        <parts/>
    </car>
    <car travelled-distance="9.22775807E8" model="W211" make="Mercedes">
        <parts/>
    </car>
    <car travelled-distance="2183647.0" model="W212" make="Mercedes">
        <parts/>
    </car>
    <car travelled-distance="5807.0" model="W203" make="Mercedes">
        <parts/>
    </car>
    <car travelled-distance="9.2775807E7" model="W211" make="Mercedes">
        <parts/>
    </car>
    <car travelled-distance="2.147483647E9" model="W210" make="Mercedes">
        <parts/>
    </car>
    <car travelled-distance="9285807.0" model="W204" make="Mercedes">
        <parts/>
    </car>
    <car travelled-distance="2147647.0" model="W124" make="Mercedes">
        <parts/>
    </car>
    <car travelled-distance="927.0" model="W212" make="Mercedes">
        <parts/>
    </car>
    <car travelled-distance="922807.0" model="Fiesta" make="Ford">
        <parts/>
    </car>
    <car travelled-distance="9.854775807E9" model="Pinto" make="Ford">
        <parts/>
    </car>
    <car travelled-distance="2147.0" model="Torino" make="Ford">
        <parts/>
    </car>
    <car travelled-distance="214647.0" model="Fiesta" make="Ford">
        <parts/>
    </car>
    <car travelled-distance="9.22337807E8" model="Pinto" make="Ford">
        <parts/>
    </car>
    <car travelled-distance="2.1473647E7" model="Taurus" make="Ford">
        <parts/>
    </car>
    <car travelled-distance="2143647.0" model="Fiesta" make="Ford">
        <parts/>
    </car>
    <car travelled-distance="9.22337807E8" model="Torino" make="Ford">
        <parts/>
    </car>
    <car travelled-distance="9.22337203E8" model="Pinto" make="Ford">
        <parts/>
    </car>
    <car travelled-distance="9.2233775807E10" model="GT40" make="Ford">
        <parts/>
    </car>
    <car travelled-distance="9223807.0" model="Pinto" make="Ford">
        <parts/>
    </car>
    <car travelled-distance="9223377.0" model="GT40" make="Ford">
        <parts/>
    </car>
    <car travelled-distance="9.22337775807E11" model="Fiesta" make="Ford">
        <parts/>
    </car>
    <car travelled-distance="217.0" model="Torino" make="Ford">
        <parts/>
    </car>
    <car travelled-distance="9.22375807E8" model="Fiesta" make="Ford">
        <parts/>
    </car>
    <car travelled-distance="214647.0" model="Pinto" make="Ford">
        <parts/>
    </car>
    <car travelled-distance="9.223375807E9" model="Taurus" make="Ford">
        <parts/>
    </car>
    <car travelled-distance="214647.0" model="Fiesta" make="Ford">
        <parts/>
    </car>
    <car travelled-distance="2.1474647E7" model="Torino" make="Ford">
        <parts/>
    </car>
    <car travelled-distance="9.223372007E9" model="Ranger" make="Ford">
        <parts/>
    </car>
    <car travelled-distance="2147647.0" model="Pinto" make="Ford">
        <parts/>
    </car>
    <car travelled-distance="9.2233775807E10" model="Ranger" make="Ford">
        <parts/>
    </car>
    <car travelled-distance="9.223372037E9" model="Prius" make="Toyota">
        <parts/>
    </car>
    <car travelled-distance="9.6854775807E10" model="Tacoma" make="Toyota">
        <parts/>
    </car>
    <car travelled-distance="214747.0" model="Prius" make="Toyota">
        <parts/>
    </car>
    <car travelled-distance="9.4775807E7" model="Tacoma" make="Toyota">
        <parts/>
    </car>
    <car travelled-distance="9.22337207E8" model="Prius" make="Toyota">
        <parts/>
    </car>
    <car travelled-distance="9.223854775807E12" model="Corolla" make="Toyota">
        <parts/>
    </car>
    <car travelled-distance="21477.0" model="Yaris" make="Toyota">
        <parts/>
    </car>
    <car travelled-distance="9.22337203685E11" model="Prius" make="Toyota">
        <parts/>
    </car>
    <car travelled-distance="9.2275807E7" model="Camry Hybrid" make="Toyota">
        <parts/>
    </car>
    <car travelled-distance="9.2235807E7" model="Corolla" make="Toyota">
        <parts/>
    </car>
    <car travelled-distance="21477.0" model="Prius" make="Toyota">
        <parts/>
    </car>
    <car travelled-distance="9223807.0" model="Corolla" make="Toyota">
        <parts/>
    </car>
    <car travelled-distance="9225807.0" model="Tacoma" make="Toyota">
        <parts/>
    </car>
    <car travelled-distance="9.54775807E8" model="Camry Hybrid" make="Toyota">
        <parts/>
    </car>
    <car travelled-distance="925807.0" model="Prius" make="Toyota">
        <parts/>
    </car>
    <car travelled-distance="9.22337807E8" model="Tacoma" make="Toyota">
        <parts/>
    </car>
    <car travelled-distance="2147.0" model="Corolla" make="Toyota">
        <parts/>
    </car>
    <car travelled-distance="21477.0" model="Prius" make="Toyota">
        <parts/>
    </car>
    <car travelled-distance="975807.0" model="Corolla" make="Toyota">
        <parts/>
    </car>
    <car travelled-distance="9.4775807E7" model="Yaris" make="Toyota">
        <parts/>
    </car>
    <car travelled-distance="21477.0" model="Corolla" make="Toyota">
        <parts/>
    </car>
    <car travelled-distance="283647.0" model="Prius" make="Toyota">
        <parts/>
    </car>
    <car travelled-distance="927.0" model="Tacoma" make="Toyota">
        <parts/>
    </car>
    <car travelled-distance="9207.0" model="Yaris" make="Toyota">
        <parts/>
    </car>
    <car travelled-distance="9.2233775807E10" model="Prius" make="Toyota">
        <parts/>
    </car>
    <car travelled-distance="247.0" model="Tacoma" make="Toyota">
        <parts/>
    </car>
    <car travelled-distance="9.223354775807E12" model="Prius" make="Toyota">
        <parts/>
    </car>
    <car travelled-distance="21477.0" model="Yaris" make="Toyota">
        <parts/>
    </car>
    <car travelled-distance="9.2233775807E10" model="Prius" make="Toyota">
        <parts/>
    </car>
    <car travelled-distance="2147.0" model="Tacoma" make="Toyota">
        <parts/>
    </car>
    <car travelled-distance="2143647.0" model="Camry Hybrid" make="Toyota">
        <parts/>
    </car>
    <car travelled-distance="9.22337807E8" model="Prius" make="Toyota">
        <parts/>
    </car>
    <car travelled-distance="214647.0" model="Camry Hybrid" make="Toyota">
        <parts/>
    </car>
    <car travelled-distance="9.22335807E8" model="Prius" make="Toyota">
        <parts/>
    </car>
    <car travelled-distance="2.1474647E7" model="Tacoma" make="Toyota">
        <parts/>
    </car>
    <car travelled-distance="214647.0" model="Camry Hybrid" make="Toyota">
        <parts/>
    </car>
    <car travelled-distance="2.1473647E7" model="GT-R" make="Nissan">
        <parts/>
    </car>
    <car travelled-distance="9.223372775807E12" model="Altima" make="Nissan">
        <parts/>
    </car>
    <car travelled-distance="2147647.0" model="GT-R" make="Nissan">
        <parts/>
    </car>
    <car travelled-distance="2143647.0" model="370Z" make="Nissan">
        <parts/>
    </car>
    <car travelled-distance="21477.0" model="GT-R" make="Nissan">
        <parts/>
    </car>
    <car travelled-distance="9.224775807E9" model="Altima" make="Nissan">
        <parts/>
    </car>
    <car travelled-distance="23647.0" model="GT-R" make="Nissan">
        <parts/>
    </car>
    <car travelled-distance="9.22775807E8" model="370Z" make="Nissan">
        <parts/>
    </car>
    <car travelled-distance="21477.0" model="370Z" make="Nissan">
        <parts/>
    </car>
    <car travelled-distance="2147.0" model="Altima" make="Nissan">
        <parts/>
    </car>
    <car travelled-distance="21447.0" model="370Z" make="Nissan">
        <parts/>
    </car>
    <car travelled-distance="9.2233707E7" model="Altima" make="Nissan">
        <parts/>
    </car>
    <car travelled-distance="9.54775807E8" model="GT-R" make="Nissan">
        <parts/>
    </car>
    <car travelled-distance="214647.0" model="Altima" make="Nissan">
        <parts/>
    </car>
    <car travelled-distance="9.22337205807E11" model="370Z" make="Nissan">
        <parts/>
    </car>
    <car travelled-distance="9.6854775807E10" model="GT-R" make="Nissan">
        <parts/>
    </car>
    <car travelled-distance="9.223775807E9" model="Versa" make="Nissan">
        <parts/>
    </car>
    <car travelled-distance="2147447.0" model="Altima" make="Nissan">
        <parts/>
    </car>
    <car travelled-distance="922307.0" model="370Z" make="Nissan">
        <parts/>
    </car>
    <car travelled-distance="2147447.0" model="GT-R" make="Nissan">
        <parts/>
    </car>
    <car travelled-distance="9223807.0" model="Rogue" make="Nissan">
        <parts/>
    </car>
    <car travelled-distance="213647.0" model="Altima" make="Nissan">
        <parts/>
    </car>
    <car travelled-distance="2143647.0" model="GT-R" make="Nissan">
        <parts/>
    </car>
    <car travelled-distance="214747.0" model="Altima" make="Nissan">
        <parts/>
    </car>
    <car travelled-distance="214647.0" model="Rogue" make="Nissan">
        <parts/>
    </car>
    <car travelled-distance="2.147483647E9" model="GT-R" make="Nissan">
        <parts/>
    </car>
    <car travelled-distance="2.147483647E9" model="Altima" make="Nissan">
        <parts/>
    </car>
    <car travelled-distance="2143647.0" model="Versa" make="Nissan">
        <parts/>
    </car>
    <car travelled-distance="2143647.0" model="GT-R" make="Nissan">
        <parts/>
    </car>
    <car travelled-distance="9.22775807E8" model="Versa" make="Nissan">
        <parts/>
    </car>
    <car travelled-distance="9.236854775807E12" model="H2" make="Great Wall">
        <parts/>
    </car>
    <car travelled-distance="213647.0" model="Haval M4" make="Great Wall">
        <parts/>
    </car>
    <car travelled-distance="21647.0" model="H2" make="Great Wall">
        <parts/>
    </car>
    <car travelled-distance="21447.0" model="H8" make="Great Wall">
        <parts/>
    </car>
    <car travelled-distance="9.22336854775807E14" model="Steed 3" make="Great Wall">
        <parts/>
    </car>
    <car travelled-distance="214747.0" model="Wingle 5" make="Great Wall">
        <parts/>
    </car>
    <car travelled-distance="9.223372035807E12" model="Haval M4" make="Great Wall">
        <parts/>
    </car>
    <car travelled-distance="214747.0" model="Haval H6" make="Great Wall">
        <parts/>
    </car>
    <car travelled-distance="2647.0" model="Alaskan" make="Renault">
        <parts/>
    </car>
    <car travelled-distance="2.147483647E9" model="Clio IV" make="Renault">
        <parts/>
    </car>
    <car travelled-distance="2.147483647E9" model="Duster" make="Renault">
        <parts/>
    </car>
    <car travelled-distance="92807.0" model="Alaskan" make="Renault">
        <parts/>
    </car>
    <car travelled-distance="2.147483647E9" model="Alaskan" make="Renault">
        <parts/>
    </car>
    <car travelled-distance="9.22337203685807E14" model="Duster" make="Renault">
        <parts/>
    </car>
    <car travelled-distance="2.147483647E9" model="Alaskan" make="Renault">
        <parts/>
    </car>
    <car travelled-distance="9.2234775807E10" model="Clio IV" make="Renault">
        <parts/>
    </car>
    <car travelled-distance="9.22337203685807E14" model="Duster" make="Renault">
        <parts/>
    </car>
    <car travelled-distance="9.2233720375807E13" model="Alaskan" make="Renault">
        <parts/>
    </car>
    <car travelled-distance="9223807.0" model="Captur" make="Renault">
        <parts/>
    </car>
    <car travelled-distance="21447.0" model="Alaskan" make="Renault">
        <parts/>
    </car>
    <car travelled-distance="9.223375807E9" model="Espace" make="Renault">
        <parts/>
    </car>
    <car travelled-distance="2.147483647E9" model="Alaskan" make="Renault">
        <parts/>
    </car>
    <car travelled-distance="9.2233724775807E13" model="Captur" make="Renault">
        <parts/>
    </car>
    <car travelled-distance="2147487.0" model="Espace" make="Renault">
        <parts/>
    </car>
    <car travelled-distance="9.2233854775807E13" model="Camaro" make="Chevy">
        <parts/>
    </car>
    <car travelled-distance="2147647.0" model="Caprice" make="Chevy">
        <parts/>
    </car>
    <car travelled-distance="9.22335807E8" model="Camaro" make="Chevy">
        <parts/>
    </car>
    <car travelled-distance="2143647.0" model="Caprice" make="Chevy">
        <parts/>
    </car>
    <car travelled-distance="9.2233854775807E13" model="Malibu" make="Chevy">
        <parts/>
    </car>
    <car travelled-distance="283647.0" model="Camaro" make="Chevy">
        <parts/>
    </car>
    <car travelled-distance="214747.0" model="Impala" make="Chevy">
        <parts/>
    </car>
    <car travelled-distance="9.22337775807E11" model="Malibu" make="Chevy">
        <parts/>
    </car>
    <car travelled-distance="2.14748347E8" model="Impala" make="Chevy">
        <parts/>
    </car>
    <car travelled-distance="2.1473647E7" model="Camaro" make="Chevy">
        <parts/>
    </car>
    <car travelled-distance="2.147483647E9" model="Camaro" make="Chevy">
        <parts/>
    </car>
    <car travelled-distance="9.2233720375807E13" model="Corvette" make="Chevy">
        <parts/>
    </car>
    <car travelled-distance="9.2775807E7" model="Cruze" make="Chevy">
        <parts/>
    </car>
    <car travelled-distance="2.1474847E7" model="Corvette" make="Chevy">
        <parts/>
    </car>
    <car travelled-distance="2147487.0" model="Camaro" make="Chevy">
        <parts/>
    </car>
    <car travelled-distance="2.147483647E9" model="Caprice" make="Chevy">
        <parts/>
    </car>
    <car travelled-distance="9.223372034775808E15" model="Cruze" make="Chevy">
        <parts/>
    </car>
    <car travelled-distance="9.223372034775808E15" model="Caprice" make="Chevy">
        <parts/>
    </car>
    <car travelled-distance="9.22337203685807E14" model="Matiz" make="Chevy">
        <parts/>
    </car>
    <car travelled-distance="2.147483647E9" model="Phantom" make="Rolls-Royce">
        <parts/>
    </car>
    <car travelled-distance="9.2233775807E10" model="Phantom Drophead Coupé" make="Rolls-Royce">
        <parts/>
    </car>
    <car travelled-distance="214647.0" model="Phantom" make="Rolls-Royce">
        <parts/>
    </car>
    <car travelled-distance="2.1473647E7" model="Ghost" make="Rolls-Royce">
        <parts/>
    </car>
    <car travelled-distance="214647.0" model="Dawn" make="Rolls-Royce">
        <parts/>
    </car>
    <car travelled-distance="9.22337254775807E14" model="Phantom" make="Rolls-Royce">
        <parts/>
    </car>
    <car travelled-distance="214747.0" model="Ghost" make="Rolls-Royce">
        <parts/>
    </car>
    <car travelled-distance="2.147483647E9" model="Wraith" make="Rolls-Royce">
        <parts/>
    </car>
    <car travelled-distance="9.22336854775807E14" model="Phantom Drophead Coupé" make="Rolls-Royce">
        <parts/>
    </car>
    <car travelled-distance="21647.0" model="Wraith" make="Rolls-Royce">
        <parts/>
    </car>
    <car travelled-distance="9.223372075807E12" model="Phantom Drophead Coupé" make="Rolls-Royce">
        <parts/>
    </car>
    <car travelled-distance="9.2234775807E10" model="Gallardo" make="Lamborghini">
        <parts/>
    </car>
    <car travelled-distance="2143647.0" model="Murciélago" make="Lamborghini">
        <parts/>
    </car>
    <car travelled-distance="283647.0" model="Diablo" make="Lamborghini">
        <parts/>
    </car>
    <car travelled-distance="9.223372054775808E15" model="Gallardo" make="Lamborghini">
        <parts/>
    </car>
    <car travelled-distance="2.14783647E8" model="Murciélago" make="Lamborghini">
        <parts/>
    </car>
    <car travelled-distance="9.23372054775807E14" model="Gallardo" make="Lamborghini">
        <parts/>
    </car>
    <car travelled-distance="2.147483647E9" model="Diablo" make="Lamborghini">
        <parts/>
    </car>
    <car travelled-distance="9.2036854775807E13" model="Daytona" make="Ferrari">
        <parts/>
    </car>
    <car travelled-distance="214747.0" model="250 GTO" make="Ferrari">
        <parts/>
    </car>
    <car travelled-distance="2147647.0" model="F430" make="Ferrari">
        <parts/>
    </car>
    <car travelled-distance="9.2854775807E10" model="275" make="Ferrari">
        <parts/>
    </car>
    <car travelled-distance="9.2236854775807E13" model="F430" make="Ferrari">
        <parts/>
    </car>
    <car travelled-distance="2647.0" model="F40" make="Ferrari">
        <parts/>
    </car>
    <car travelled-distance="214747.0" model="250 GTO" make="Ferrari">
        <parts/>
    </car>
    <car travelled-distance="9.22337275807E11" model="Daytona" make="Ferrari">
        <parts/>
    </car>
    <car travelled-distance="214647.0" model="275" make="Ferrari">
        <parts/>
    </car>
    <car travelled-distance="2183647.0" model="250 GTO" make="Ferrari">
        <parts/>
    </car>
    <car travelled-distance="214647.0" model="F40" make="Ferrari">
        <parts/>
    </car>
    <car travelled-distance="213647.0" model="250 GTO" make="Ferrari">
        <parts/>
    </car>
    <car travelled-distance="214647.0" model="F430" make="Ferrari">
        <parts/>
    </car>
    <car travelled-distance="213647.0" model="Daytona" make="Ferrari">
        <parts/>
    </car>
    <car travelled-distance="21447.0" model="F40" make="Ferrari">
        <parts/>
    </car>
    <car travelled-distance="213647.0" model="250 GTO" make="Ferrari">
        <parts/>
    </car>
    <car travelled-distance="2147647.0" model="275" make="Ferrari">
        <parts/>
    </car>
    <car travelled-distance="2.147483647E9" model="Enzo" make="Ferrari">
        <parts/>
    </car>
    <car travelled-distance="2147447.0" model="Daytona" make="Ferrari">
        <parts/>
    </car>
    <car travelled-distance="214647.0" model="Giulia" make="Alfa Romeo">
        <parts/>
    </car>
    <car travelled-distance="2.1474847E7" model="Giulietta" make="Alfa Romeo">
        <parts/>
    </car>
    <car travelled-distance="2.147483647E9" model="AR51" make="Alfa Romeo">
        <parts/>
    </car>
    <car travelled-distance="9.2233720775807E13" model="Alfetta" make="Alfa Romeo">
        <parts/>
    </car>
    <car travelled-distance="9.223372775807E12" model="75" make="Alfa Romeo">
        <parts/>
    </car>
    <car travelled-distance="9.22337275807E11" model="AR51" make="Alfa Romeo">
        <parts/>
    </car>
    <car travelled-distance="9.2233720368547E13" model="156" make="Alfa Romeo">
        <parts/>
    </car>
    <car travelled-distance="9.22337203685807E14" model="Giulietta" make="Alfa Romeo">
        <parts/>
    </car>
    <car travelled-distance="9.2233775807E10" model="164" make="Alfa Romeo">
        <parts/>
    </car>
    <car travelled-distance="7.2036854775807E13" model="75" make="Alfa Romeo">
        <parts/>
    </car>
    <car travelled-distance="2.036854775807E12" model="Giulietta" make="Alfa Romeo">
        <parts/>
    </car>
    <car travelled-distance="9.2036854775807E13" model="156" make="Alfa Romeo">
        <parts/>
    </car>
    <car travelled-distance="2.036854775807E12" model="Giulietta" make="Alfa Romeo">
        <parts/>
    </car>
    <car travelled-distance="9775807.0" model="75" make="Alfa Romeo">
        <parts/>
    </car>
    <car travelled-distance="214647.0" model="206" make="Peugeot">
        <parts/>
    </car>
    <car travelled-distance="9.2236854775807E13" model="405" make="Peugeot">
        <parts/>
    </car>
    <car travelled-distance="2.147483647E9" model="206" make="Peugeot">
        <parts/>
    </car>
    <car travelled-distance="9.22854775807E11" model="405" make="Peugeot">
        <parts/>
    </car>
    <car travelled-distance="2.036854775807E12" model="306" make="Peugeot">
        <parts/>
    </car>
    <car travelled-distance="775807.0" model="308" make="Peugeot">
        <parts/>
    </car>
    <car travelled-distance="8.54775807E8" model="407" make="Peugeot">
        <parts/>
    </car>
    <car travelled-distance="2.147483647E9" model="306" make="Peugeot">
        <parts/>
    </car>
    <car travelled-distance="8.54775807E8" model="308" make="Peugeot">
        <parts/>
    </car>
    <car travelled-distance="9.226854775807E12" model="405" make="Peugeot">
        <parts/>
    </car>
    <car travelled-distance="2.1474647E7" model="306" make="Peugeot">
        <parts/>
    </car>
    <car travelled-distance="9.22036854775807E14" model="407" make="Peugeot">
        <parts/>
    </car>
    <car travelled-distance="2.1474647E7" model="206" make="Peugeot">
        <parts/>
    </car>
    <car travelled-distance="9.223372775807E12" model="407" make="Peugeot">
        <parts/>
    </car>
    <car travelled-distance="9.22036854775807E14" model="206" make="Peugeot">
        <parts/>
    </car>
    <car travelled-distance="23647.0" model="308" make="Peugeot">
        <parts/>
    </car>
    <car travelled-distance="9.2036854775807E13" model="405" make="Peugeot">
        <parts/>
    </car>
    <car travelled-distance="2.147483647E9" model="306" make="Peugeot">
        <parts/>
    </car>
    <car travelled-distance="9.2233854775807E13" model="405" make="Peugeot">
        <parts/>
    </car>
    <car travelled-distance="2.147483647E9" model="308" make="Peugeot">
        <parts/>
    </car>
    <car travelled-distance="9.22775807E8" model="206" make="Peugeot">
        <parts/>
    </car>
    <car travelled-distance="2.14748347E8" model="206" make="Peugeot">
        <parts/>
    </car>
    <car travelled-distance="9.22354775807E11" model="Berlingo" make="Citroen">
        <parts/>
    </car>
    <car travelled-distance="9.24775807E8" model="C1" make="Citroen">
        <parts/>
    </car>
    <car travelled-distance="9.223354775807E12" model="Berlingo" make="Citroen">
        <parts/>
    </car>
    <car travelled-distance="9.22334775807E11" model="C5" make="Citroen">
        <parts/>
    </car>
    <car travelled-distance="213647.0" model="C5" make="Citroen">
        <parts/>
    </car>
    <car travelled-distance="2147447.0" model="C8" make="Citroen">
        <parts/>
    </car>
    <car travelled-distance="9.22354775807E11" model="Elysée" make="Citroen">
        <parts/>
    </car>
    <car travelled-distance="2147.0" model="C1" make="Citroen">
        <parts/>
    </car>
    <car travelled-distance="2147487.0" model="C4" make="Citroen">
        <parts/>
    </car>
    <car travelled-distance="9.22337204775807E14" model="C5" make="Citroen">
        <parts/>
    </car>
    <car travelled-distance="9.22337854775807E14" model="C1" make="Citroen">
        <parts/>
    </car>
    <car travelled-distance="214647.0" model="C3" make="Citroen">
        <parts/>
    </car>
    <car travelled-distance="2483647.0" model="C1" make="Citroen">
        <parts/>
    </car>
    <car travelled-distance="9.2236854775807E13" model="C4" make="Citroen">
        <parts/>
    </car>
    <car travelled-distance="9.22336854775807E14" model="C1" make="Citroen">
        <parts/>
    </car>
    <car travelled-distance="2.147483647E9" model="C5" make="Citroen">
        <parts/>
    </car>
    <car travelled-distance="2147647.0" model="C3" make="Citroen">
        <parts/>
    </car>
    <car travelled-distance="9.2236854775807E13" model="C8" make="Citroen">
        <parts/>
    </car>
    <car travelled-distance="2.147483647E9" model="C1" make="Citroen">
        <parts/>
    </car>
    <car travelled-distance="9.223336854775808E15" model="C3" make="Citroen">
        <parts/>
    </car>
    <car travelled-distance="2.3336854775E10" model="Elysée" make="Citroen">
        <parts/>
    </car>
    <car travelled-distance="9.2236854775807E13" model="C1" make="Citroen">
        <parts/>
    </car>
    <car travelled-distance="213647.0" model="C4" make="Citroen">
        <parts/>
    </car>
    <car travelled-distance="2147647.0" model="C3" make="Citroen">
        <parts/>
    </car>
    <car travelled-distance="9.223775807E9" model="C1" make="Citroen">
        <parts/>
    </car>
    <car travelled-distance="2183647.0" model="C5" make="Citroen">
        <parts/>
    </car>
    <car travelled-distance="9.854775807E9" model="C1" make="Citroen">
        <parts/>
    </car>
    <car travelled-distance="83647.0" model="C8" make="Citroen">
        <parts/>
    </car>
    <car travelled-distance="2.1483647E7" model="Toledo" make="Seat">
        <parts/>
    </car>
    <car travelled-distance="2.14783647E8" model="Mii" make="Seat">
        <parts/>
    </car>
    <car travelled-distance="21647.0" model="Ibiza" make="Seat">
        <parts/>
    </car>
    <car travelled-distance="2147447.0" model="Mii" make="Seat">
        <parts/>
    </car>
    <car travelled-distance="213647.0" model="Ibiza" make="Seat">
        <parts/>
    </car>
    <car travelled-distance="21447.0" model="Mii" make="Seat">
        <parts/>
    </car>
    <car travelled-distance="2147647.0" model="Toledo" make="Seat">
        <parts/>
    </car>
    <car travelled-distance="2.1473647E7" model="Toledo" make="Seat">
        <parts/>
    </car>
    <car travelled-distance="9.2234775807E10" model="Ibiza" make="Seat">
        <parts/>
    </car>
    <car travelled-distance="9.36854775807E11" model="Mii" make="Seat">
        <parts/>
    </car>
    <car travelled-distance="21447.0" model="Toledo" make="Seat">
        <parts/>
    </car>
    <car travelled-distance="214747.0" model="Mii" make="Seat">
        <parts/>
    </car>
    <car travelled-distance="2147647.0" model="Toledo" make="Seat">
        <parts/>
    </car>
    <car travelled-distance="2.1474847E7" model="Ibiza" make="Seat">
        <parts/>
    </car>
    <car travelled-distance="2147447.0" model="Toledo" make="Seat">
        <parts/>
    </car>
    <car travelled-distance="9.2236854775807E13" model="Mii" make="Seat">
        <parts/>
    </car>
    <car travelled-distance="214647.0" model="Citigo" make="Skoda">
        <parts/>
    </car>
    <car travelled-distance="6.8547758E8" model="Rapid Spaceback" make="Skoda">
        <parts/>
    </car>
    <car travelled-distance="9.2233854775807E13" model="Citigo" make="Skoda">
        <parts/>
    </car>
    <car travelled-distance="2183647.0" model="Citigo" make="Skoda">
        <parts/>
    </car>
    <car travelled-distance="214747.0" model="Citigo" make="Skoda">
        <parts/>
    </car>
    <car travelled-distance="9.223372036875808E15" model="Fabia" make="Skoda">
        <parts/>
    </car>
    <car travelled-distance="214647.0" model="Citigo" make="Skoda">
        <parts/>
    </car>
    <car travelled-distance="214747.0" model="Fabia" make="Skoda">
        <parts/>
    </car>
    <car travelled-distance="9.223372775807E12" model="Rapid" make="Skoda">
        <parts/>
    </car>
    <car travelled-distance="214647.0" model="Fabia" make="Skoda">
        <parts/>
    </car>
    <car travelled-distance="9.22337203775807E14" model="Fabia" make="Skoda">
        <parts/>
    </car>
    <car travelled-distance="2147447.0" model="Rapid" make="Skoda">
        <parts/>
    </car>
    <car travelled-distance="474.0" model="Rapid Spaceback" make="Skoda">
        <parts/>
    </car>
    <car travelled-distance="9.2233720368807E13" model="Fabia" make="Skoda">
        <parts/>
    </car>
    <car travelled-distance="9.036854775807E12" model="Logan" make="Dacia">
        <parts/>
    </car>
    <car travelled-distance="9.2233724775807E13" model="Sandero Stepway" make="Dacia">
        <parts/>
    </car>
    <car travelled-distance="2147647.0" model="Sandero" make="Dacia">
        <parts/>
    </car>
    <car travelled-distance="213647.0" model="Dokker" make="Dacia">
        <parts/>
    </car>
    <car travelled-distance="2143647.0" model="Sandero" make="Dacia">
        <parts/>
    </car>
    <car travelled-distance="2.1474647E7" model="Logan" make="Dacia">
        <parts/>
    </car>
    <car travelled-distance="9275807.0" model="Logan" make="Dacia">
        <parts/>
    </car>
    <car travelled-distance="2147647.0" model="Dokker" make="Dacia">
        <parts/>
    </car>
    <car travelled-distance="9.22337254775807E14" model="Sandero" make="Dacia">
        <parts/>
    </car>
    <car travelled-distance="2147447.0" model="Dokker" make="Dacia">
        <parts/>
    </car>
    <car travelled-distance="9.22337203687E11" model="Logan" make="Dacia">
        <parts/>
    </car>
    <car travelled-distance="21447.0" model="Duster" make="Dacia">
        <parts/>
    </car>
    <car travelled-distance="9.22337807E8" model="Sandero Stepway" make="Dacia">
        <parts/>
    </car>
    <car travelled-distance="9.22375807E8" model="Duster" make="Dacia">
        <parts/>
    </car>
    <car travelled-distance="213647.0" model="Logan" make="Dacia">
        <parts/>
    </car>
</cars>
