<?xml version="1.0" encoding="UTF-8" standalone="yes"?>
<cars>
    <car travelled-distance="214647" model="Camry Hybrid" make="Toyota" id="139"/>
    <car travelled-distance="214647" model="Camry Hybrid" make="Toyota" id="136"/>
    <car travelled-distance="2143647" model="Camry Hybrid" make="Toyota" id="134"/>
    <car travelled-distance="92275807" model="Camry Hybrid" make="Toyota" id="112"/>
    <car travelled-distance="954775807" model="Camry Hybrid" make="Toyota" id="117"/>
    <car travelled-distance="2147" model="Corolla" make="Toyota" id="120"/>
    <car travelled-distance="21477" model="Corolla" make="Toyota" id="124"/>
    <car travelled-distance="975807" model="Corolla" make="Toyota" id="122"/>
    <car travelled-distance="9223807" model="Corolla" make="Toyota" id="115"/>
    <car travelled-distance="92235807" model="Corolla" make="Toyota" id="113"/>
    <car travelled-distance="9223854775807" model="Corolla" make="Toyota" id="109"/>
    <car travelled-distance="21477" model="Prius" make="Toyota" id="114"/>
    <car travelled-distance="21477" model="Prius" make="Toyota" id="121"/>
    <car travelled-distance="214747" model="Prius" make="Toyota" id="106"/>
    <car travelled-distance="283647" model="Prius" make="Toyota" id="125"/>
    <car travelled-distance="925807" model="Prius" make="Toyota" id="118"/>
    <car travelled-distance="922335807" model="Prius" make="Toyota" id="137"/>
    <car travelled-distance="922337207" model="Prius" make="Toyota" id="108"/>
    <car travelled-distance="922337807" model="Prius" make="Toyota" id="135"/>
    <car travelled-distance="9223372037" model="Prius" make="Toyota" id="104"/>
    <car travelled-distance="92233775807" model="Prius" make="Toyota" id="128"/>
    <car travelled-distance="92233775807" model="Prius" make="Toyota" id="132"/>
    <car travelled-distance="922337203685" model="Prius" make="Toyota" id="111"/>
    <car travelled-distance="9223354775807" model="Prius" make="Toyota" id="130"/>
    <car travelled-distance="247" model="Tacoma" make="Toyota" id="129"/>
    <car travelled-distance="927" model="Tacoma" make="Toyota" id="126"/>
    <car travelled-distance="2147" model="Tacoma" make="Toyota" id="133"/>
    <car travelled-distance="9225807" model="Tacoma" make="Toyota" id="116"/>
    <car travelled-distance="21474647" model="Tacoma" make="Toyota" id="138"/>
    <car travelled-distance="94775807" model="Tacoma" make="Toyota" id="107"/>
    <car travelled-distance="922337807" model="Tacoma" make="Toyota" id="119"/>
    <car travelled-distance="96854775807" model="Tacoma" make="Toyota" id="105"/>
    <car travelled-distance="9207" model="Yaris" make="Toyota" id="127"/>
    <car travelled-distance="21477" model="Yaris" make="Toyota" id="110"/>
    <car travelled-distance="21477" model="Yaris" make="Toyota" id="131"/>
    <car travelled-distance="94775807" model="Yaris" make="Toyota" id="123"/>
</cars>
